device,runtime,model,operation,seqlen,decode_tokens,throughput_tok_per_s,peak_ram_mb,disk_size_mb,zipped_size_mb,status,notes
galaxy_s24_or_s25,cactus,gemma_4_e2b,prefill,256,0,144.910000,1325.320,1893.450,1893.591,ok,"warmup_runs=1,measurement_runs=3; runner=android_cactus_llm_bench; threads=1; thread_count=1; core_affinity=cpu7; taskset_mask=80; benchmark_mode=strict; cactus_runtime_version=repo 9256c767b5245ba56a78e66c9215983317a16d12; artifact_path=/Users/noahcylich/Documents/Desert/cactus/weights/gemma-4-e2b-it-sharedkv; provider=cpu; gpu=disabled; cactus_chunk_size=c128; serial=RFGL42B1VLW; android=16; thermal_status=0; fixed token-id fixture"
galaxy_s24_or_s25,cactus,gemma_4_e2b,prefill,512,0,121.220000,1291.731,1893.450,1893.591,ok,"warmup_runs=1,measurement_runs=3; runner=android_cactus_llm_bench; threads=1; thread_count=1; core_affinity=cpu7; taskset_mask=80; benchmark_mode=strict; cactus_runtime_version=repo 9256c767b5245ba56a78e66c9215983317a16d12; artifact_path=/Users/noahcylich/Documents/Desert/cactus/weights/gemma-4-e2b-it-sharedkv; provider=cpu; gpu=disabled; cactus_chunk_size=c128; serial=RFGL42B1VLW; android=16; thermal_status=0; fixed token-id fixture"
galaxy_s24_or_s25,cactus,gemma_4_e2b,prefill,1024,0,103.520000,1295.055,1893.450,1893.591,ok,"warmup_runs=1,measurement_runs=3; runner=android_cactus_llm_bench; threads=1; thread_count=1; core_affinity=cpu7; taskset_mask=80; benchmark_mode=strict; cactus_runtime_version=repo 9256c767b5245ba56a78e66c9215983317a16d12; artifact_path=/Users/noahcylich/Documents/Desert/cactus/weights/gemma-4-e2b-it-sharedkv; provider=cpu; gpu=disabled; cactus_chunk_size=c128; serial=RFGL42B1VLW; android=16; thermal_status=0; fixed token-id fixture"
galaxy_s24_or_s25,cactus,gemma_4_e2b,prefill,2048,0,87.550000,1295.247,1893.450,1893.591,ok,"warmup_runs=1,measurement_runs=3; runner=android_cactus_llm_bench; threads=1; thread_count=1; core_affinity=cpu7; taskset_mask=80; benchmark_mode=strict; cactus_runtime_version=repo 9256c767b5245ba56a78e66c9215983317a16d12; artifact_path=/Users/noahcylich/Documents/Desert/cactus/weights/gemma-4-e2b-it-sharedkv; provider=cpu; gpu=disabled; cactus_chunk_size=c128; serial=RFGL42B1VLW; android=16; thermal_status=0; fixed token-id fixture"
galaxy_s24_or_s25,cactus,gemma_4_e2b,prefill,4096,0,69.510000,1295.347,1893.450,1893.591,ok,"warmup_runs=1,measurement_runs=3; runner=android_cactus_llm_bench; threads=1; thread_count=1; core_affinity=cpu7; taskset_mask=80; benchmark_mode=strict; cactus_runtime_version=repo 9256c767b5245ba56a78e66c9215983317a16d12; artifact_path=/Users/noahcylich/Documents/Desert/cactus/weights/gemma-4-e2b-it-sharedkv; provider=cpu; gpu=disabled; cactus_chunk_size=c128; serial=RFGL42B1VLW; android=16; thermal_status=0; fixed token-id fixture"
galaxy_s24_or_s25,cactus,gemma_4_e2b,decode,256,100,12.680000,1626.336,1893.450,1893.591,ok,"warmup_runs=1,measurement_runs=3; runner=android_cactus_llm_bench; threads=1; thread_count=1; core_affinity=cpu7; taskset_mask=80; benchmark_mode=strict; cactus_runtime_version=repo 33ced0a6bdf0a535a52fdb31b835d3e8cede6882; artifact_path=/Users/noahcylich/Documents/Desert/cactus/weights/gemma-4-e2b-it-sharedkv; provider=cpu; gpu=disabled; cactus_chunk_size=c128; serial=RFGL42B1VLW; android=16; thermal_status=0; fixed token-id fixture; paired_prefill_decode=true; shared_context=256; shares measured invocation with prefill row"
galaxy_s24_or_s25,cactus,gemma_4_e2b,decode,512,100,12.060000,1626.239,1893.450,1893.591,ok,"warmup_runs=1,measurement_runs=3; runner=android_cactus_llm_bench; threads=1; thread_count=1; core_affinity=cpu7; taskset_mask=80; benchmark_mode=strict; cactus_runtime_version=repo 33ced0a6bdf0a535a52fdb31b835d3e8cede6882; artifact_path=/Users/noahcylich/Documents/Desert/cactus/weights/gemma-4-e2b-it-sharedkv; provider=cpu; gpu=disabled; cactus_chunk_size=c128; serial=RFGL42B1VLW; android=16; thermal_status=0; fixed token-id fixture; paired_prefill_decode=true; shared_context=512; shares measured invocation with prefill row"
galaxy_s24_or_s25,cactus,gemma_4_e2b,decode,1024,100,11.170000,1626.288,1893.450,1893.591,ok,"warmup_runs=1,measurement_runs=3; runner=android_cactus_llm_bench; threads=1; thread_count=1; core_affinity=cpu7; taskset_mask=80; benchmark_mode=strict; cactus_runtime_version=repo 33ced0a6bdf0a535a52fdb31b835d3e8cede6882; artifact_path=/Users/noahcylich/Documents/Desert/cactus/weights/gemma-4-e2b-it-sharedkv; provider=cpu; gpu=disabled; cactus_chunk_size=c128; serial=RFGL42B1VLW; android=16; thermal_status=0; fixed token-id fixture; paired_prefill_decode=true; shared_context=1024; shares measured invocation with prefill row"
galaxy_s24_or_s25,cactus,gemma_4_e2b,decode,2048,100,10.340000,1626.360,1893.450,1893.591,ok,"warmup_runs=1,measurement_runs=3; runner=android_cactus_llm_bench; threads=1; thread_count=1; core_affinity=cpu7; taskset_mask=80; benchmark_mode=strict; cactus_runtime_version=repo 33ced0a6bdf0a535a52fdb31b835d3e8cede6882; artifact_path=/Users/noahcylich/Documents/Desert/cactus/weights/gemma-4-e2b-it-sharedkv; provider=cpu; gpu=disabled; cactus_chunk_size=c128; serial=RFGL42B1VLW; android=16; thermal_status=1; fixed token-id fixture; paired_prefill_decode=true; shared_context=2048; shares measured invocation with prefill row"
galaxy_s24_or_s25,cactus,lfm_2_5_vl_1_6b,prefill,256,0,89.450000,1609.920,1759.526,1759.659,ok,"warmup_runs=1,measurement_runs=3; runner=android_cactus_llm_bench; threads=1; thread_count=1; core_affinity=cpu7; taskset_mask=80; benchmark_mode=strict; cactus_runtime_version=repo 9256c767b5245ba56a78e66c9215983317a16d12; artifact_path=/Users/noahcylich/Documents/Desert/cactus/weights/lfm2.5-vl-1.6b-retranspile-4096; provider=cpu; gpu=disabled; cactus_chunk_size=c128; serial=RFGL42B1VLW; android=16; thermal_status=0; fixed token-id fixture"
galaxy_s24_or_s25,cactus,lfm_2_5_vl_1_6b,prefill,512,0,81.000000,1503.663,1759.526,1759.659,ok,"warmup_runs=1,measurement_runs=3; runner=android_cactus_llm_bench; threads=1; thread_count=1; core_affinity=cpu7; taskset_mask=80; benchmark_mode=strict; cactus_runtime_version=repo 9256c767b5245ba56a78e66c9215983317a16d12; artifact_path=/Users/noahcylich/Documents/Desert/cactus/weights/lfm2.5-vl-1.6b-retranspile-4096; provider=cpu; gpu=disabled; cactus_chunk_size=c128; serial=RFGL42B1VLW; android=16; thermal_status=0; fixed token-id fixture"
galaxy_s24_or_s25,cactus,lfm_2_5_vl_1_6b,prefill,1024,0,72.500000,1503.419,1759.526,1759.659,ok,"warmup_runs=1,measurement_runs=3; runner=android_cactus_llm_bench; threads=1; thread_count=1; core_affinity=cpu7; taskset_mask=80; benchmark_mode=strict; cactus_runtime_version=repo 9256c767b5245ba56a78e66c9215983317a16d12; artifact_path=/Users/noahcylich/Documents/Desert/cactus/weights/lfm2.5-vl-1.6b-retranspile-4096; provider=cpu; gpu=disabled; cactus_chunk_size=c128; serial=RFGL42B1VLW; android=16; thermal_status=0; fixed token-id fixture"
galaxy_s24_or_s25,cactus,lfm_2_5_vl_1_6b,prefill,2048,0,60.250000,1503.581,1759.526,1759.659,ok,"warmup_runs=1,measurement_runs=3; runner=android_cactus_llm_bench; threads=1; thread_count=1; core_affinity=cpu7; taskset_mask=80; benchmark_mode=strict; cactus_runtime_version=repo 9256c767b5245ba56a78e66c9215983317a16d12; artifact_path=/Users/noahcylich/Documents/Desert/cactus/weights/lfm2.5-vl-1.6b-retranspile-4096; provider=cpu; gpu=disabled; cactus_chunk_size=c128; serial=RFGL42B1VLW; android=16; thermal_status=0; fixed token-id fixture"
galaxy_s24_or_s25,cactus,lfm_2_5_vl_1_6b,prefill,4096,0,43.060000,1503.582,1759.526,1759.659,ok,"warmup_runs=1,measurement_runs=3; runner=android_cactus_llm_bench; threads=1; thread_count=1; core_affinity=cpu7; taskset_mask=80; benchmark_mode=strict; cactus_runtime_version=repo 9256c767b5245ba56a78e66c9215983317a16d12; artifact_path=/Users/noahcylich/Documents/Desert/cactus/weights/lfm2.5-vl-1.6b-retranspile-4096; provider=cpu; gpu=disabled; cactus_chunk_size=c128; serial=RFGL42B1VLW; android=16; thermal_status=0; fixed token-id fixture"
galaxy_s24_or_s25,cactus,lfm_2_5_vl_1_6b,decode,256,100,19.350000,666.358,1759.526,1759.659,ok,"warmup_runs=1,measurement_runs=3; runner=android_cactus_llm_bench; threads=1; thread_count=1; core_affinity=cpu7; taskset_mask=80; benchmark_mode=strict; cactus_runtime_version=repo 33ced0a6bdf0a535a52fdb31b835d3e8cede6882; artifact_path=/Users/noahcylich/Documents/Desert/cactus/weights/lfm2.5-vl-1.6b-retranspile-4096; provider=cpu; gpu=disabled; cactus_chunk_size=c128; serial=RFGL42B1VLW; android=16; thermal_status=0; fixed token-id fixture; paired_prefill_decode=true; shared_context=256; shares measured invocation with prefill row"
galaxy_s24_or_s25,cactus,lfm_2_5_vl_1_6b,decode,512,100,18.800000,666.320,1759.526,1759.659,ok,"warmup_runs=1,measurement_runs=3; runner=android_cactus_llm_bench; threads=1; thread_count=1; core_affinity=cpu7; taskset_mask=80; benchmark_mode=strict; cactus_runtime_version=repo 33ced0a6bdf0a535a52fdb31b835d3e8cede6882; artifact_path=/Users/noahcylich/Documents/Desert/cactus/weights/lfm2.5-vl-1.6b-retranspile-4096; provider=cpu; gpu=disabled; cactus_chunk_size=c128; serial=RFGL42B1VLW; android=16; thermal_status=0; fixed token-id fixture; paired_prefill_decode=true; shared_context=512; shares measured invocation with prefill row"
galaxy_s24_or_s25,cactus,lfm_2_5_vl_1_6b,decode,1024,100,14.760000,666.346,1759.526,1759.659,ok,"warmup_runs=1,measurement_runs=3; runner=android_cactus_llm_bench; threads=1; thread_count=1; core_affinity=cpu7; taskset_mask=80; benchmark_mode=strict; cactus_runtime_version=repo 33ced0a6bdf0a535a52fdb31b835d3e8cede6882; artifact_path=/Users/noahcylich/Documents/Desert/cactus/weights/lfm2.5-vl-1.6b-retranspile-4096; provider=cpu; gpu=disabled; cactus_chunk_size=c128; serial=RFGL42B1VLW; android=16; thermal_status=0; fixed token-id fixture; paired_prefill_decode=true; shared_context=1024; shares measured invocation with prefill row"
galaxy_s24_or_s25,cactus,lfm_2_5_vl_1_6b,decode,2048,100,13.720000,666.470,1759.526,1759.659,ok,"warmup_runs=1,measurement_runs=3; runner=android_cactus_llm_bench; threads=1; thread_count=1; core_affinity=cpu7; taskset_mask=80; benchmark_mode=strict; cactus_runtime_version=repo 33ced0a6bdf0a535a52fdb31b835d3e8cede6882; artifact_path=/Users/noahcylich/Documents/Desert/cactus/weights/lfm2.5-vl-1.6b-retranspile-4096; provider=cpu; gpu=disabled; cactus_chunk_size=c128; serial=RFGL42B1VLW; android=16; thermal_status=0; fixed token-id fixture; paired_prefill_decode=true; shared_context=2048; shares measured invocation with prefill row"
galaxy_s24_or_s25,cactus,parakeet_tdt_v3,parakeet_transcribe,,,0.200471,2475.970,777.969,778.112,ok,WER=0.000000; runner=android_transpiled_tdt; core_affinity=cpu7; taskset_mask=80; serial=RFGL42B1VLW; android=16; thermal_status=1; decoder_steps=152; transcript=concord returned to its place amidst the tents the english forwarded to the french baskets of flowers of which they had made a plentiful provision to greet the arrival of the young princess the french in return invited the english to a supper which was to be given the next day congratulations were poured in upon the princess everywhere during her journey; thread_count=1
galaxy_s24_or_s25,cactus,qwen3_vl_2b,prefill,256,0,72.810000,1037.879,1218.608,1218.743,ok,"warmup_runs=1,measurement_runs=3; runner=android_cactus_llm_bench; threads=1; thread_count=1; core_affinity=cpu7; taskset_mask=80; benchmark_mode=strict; cactus_runtime_version=repo 9256c767b5245ba56a78e66c9215983317a16d12; artifact_path=/Users/noahcylich/Documents/Desert/cactus/weights/qwen3-vl-2b-instruct-reconvert; provider=cpu; gpu=disabled; cactus_chunk_size=c128; serial=RFGL42B1VLW; android=16; thermal_status=0; fixed token-id fixture"
galaxy_s24_or_s25,cactus,qwen3_vl_2b,prefill,512,0,54.540000,1037.136,1218.608,1218.743,ok,"warmup_runs=1,measurement_runs=3; runner=android_cactus_llm_bench; threads=1; thread_count=1; core_affinity=cpu7; taskset_mask=80; benchmark_mode=strict; cactus_runtime_version=repo 9256c767b5245ba56a78e66c9215983317a16d12; artifact_path=/Users/noahcylich/Documents/Desert/cactus/weights/qwen3-vl-2b-instruct-reconvert; provider=cpu; gpu=disabled; cactus_chunk_size=c128; serial=RFGL42B1VLW; android=16; thermal_status=0; fixed token-id fixture"
galaxy_s24_or_s25,cactus,qwen3_vl_2b,prefill,1024,0,43.340000,1037.227,1218.608,1218.743,ok,"warmup_runs=1,measurement_runs=3; runner=android_cactus_llm_bench; threads=1; thread_count=1; core_affinity=cpu7; taskset_mask=80; benchmark_mode=strict; cactus_runtime_version=repo 9256c767b5245ba56a78e66c9215983317a16d12; artifact_path=/Users/noahcylich/Documents/Desert/cactus/weights/qwen3-vl-2b-instruct-reconvert; provider=cpu; gpu=disabled; cactus_chunk_size=c128; serial=RFGL42B1VLW; android=16; thermal_status=0; fixed token-id fixture"
galaxy_s24_or_s25,cactus,qwen3_vl_2b,prefill,2048,0,35.420000,1037.249,1218.608,1218.743,ok,"warmup_runs=1,measurement_runs=3; runner=android_cactus_llm_bench; threads=1; thread_count=1; core_affinity=cpu7; taskset_mask=80; benchmark_mode=strict; cactus_runtime_version=repo 9256c767b5245ba56a78e66c9215983317a16d12; artifact_path=/Users/noahcylich/Documents/Desert/cactus/weights/qwen3-vl-2b-instruct-reconvert; provider=cpu; gpu=disabled; cactus_chunk_size=c128; serial=RFGL42B1VLW; android=16; thermal_status=0; fixed token-id fixture"
galaxy_s24_or_s25,cactus,qwen3_vl_2b,prefill,4096,0,32.000000,1035.667,1218.608,1218.743,ok,"warmup_runs=1,measurement_runs=3; runner=android_cactus_llm_bench; threads=1; thread_count=1; core_affinity=cpu7; taskset_mask=80; benchmark_mode=strict; cactus_runtime_version=repo 9256c767b5245ba56a78e66c9215983317a16d12; artifact_path=/Users/noahcylich/Documents/Desert/cactus/weights/qwen3-vl-2b-instruct-reconvert; provider=cpu; gpu=disabled; cactus_chunk_size=c128; serial=RFGL42B1VLW; android=16; thermal_status=0; fixed token-id fixture"
galaxy_s24_or_s25,cactus,qwen3_vl_2b,decode,256,100,11.060000,1224.077,1218.608,1218.743,ok,"warmup_runs=1,measurement_runs=3; runner=android_cactus_llm_bench; threads=1; thread_count=1; core_affinity=cpu7; taskset_mask=80; benchmark_mode=strict; cactus_runtime_version=repo 33ced0a6bdf0a535a52fdb31b835d3e8cede6882; artifact_path=/Users/noahcylich/Documents/Desert/cactus/weights/qwen3-vl-2b-instruct-reconvert; provider=cpu; gpu=disabled; cactus_chunk_size=c128; serial=RFGL42B1VLW; android=16; thermal_status=0; fixed token-id fixture; paired_prefill_decode=true; shared_context=256; shares measured invocation with prefill row"
galaxy_s24_or_s25,cactus,qwen3_vl_2b,decode,512,100,10.620000,1223.396,1218.608,1218.743,ok,"warmup_runs=1,measurement_runs=3; runner=android_cactus_llm_bench; threads=1; thread_count=1; core_affinity=cpu7; taskset_mask=80; benchmark_mode=strict; cactus_runtime_version=repo 33ced0a6bdf0a535a52fdb31b835d3e8cede6882; artifact_path=/Users/noahcylich/Documents/Desert/cactus/weights/qwen3-vl-2b-instruct-reconvert; provider=cpu; gpu=disabled; cactus_chunk_size=c128; serial=RFGL42B1VLW; android=16; thermal_status=1; fixed token-id fixture; paired_prefill_decode=true; shared_context=512; shares measured invocation with prefill row"
galaxy_s24_or_s25,cactus,qwen3_vl_2b,decode,1024,100,9.160000,1223.269,1218.608,1218.743,ok,"warmup_runs=1,measurement_runs=3; runner=android_cactus_llm_bench; threads=1; thread_count=1; core_affinity=cpu7; taskset_mask=80; benchmark_mode=strict; cactus_runtime_version=repo 33ced0a6bdf0a535a52fdb31b835d3e8cede6882; artifact_path=/Users/noahcylich/Documents/Desert/cactus/weights/qwen3-vl-2b-instruct-reconvert; provider=cpu; gpu=disabled; cactus_chunk_size=c128; serial=RFGL42B1VLW; android=16; thermal_status=1; fixed token-id fixture; paired_prefill_decode=true; shared_context=1024; shares measured invocation with prefill row"
galaxy_s24_or_s25,cactus,qwen3_vl_2b,decode,2048,100,7.520000,1224.050,1218.608,1218.743,ok,"warmup_runs=1,measurement_runs=3; runner=android_cactus_llm_bench; threads=1; thread_count=1; core_affinity=cpu7; taskset_mask=80; benchmark_mode=strict; cactus_runtime_version=repo 33ced0a6bdf0a535a52fdb31b835d3e8cede6882; artifact_path=/Users/noahcylich/Documents/Desert/cactus/weights/qwen3-vl-2b-instruct-reconvert; provider=cpu; gpu=disabled; cactus_chunk_size=c128; serial=RFGL42B1VLW; android=16; thermal_status=1; fixed token-id fixture; paired_prefill_decode=true; shared_context=2048; shares measured invocation with prefill row"
galaxy_s24_or_s25,executorch,gemma_4_e2b,prefill,256,0,,,,,unsupported,"ExecuTorch Android Gemma 4 E2B IT is unsupported: missing .pte artifact: artifacts.executorch.path is null; no required-model .pte found under weights, ../third_party/executorch; ignored unrelated .pte files: ../third_party/executorch/examples/qualcomm/oss_scripts/llama/artifacts/stories260k_hybrid_llama_qnn.pte, ../third_party/executorch/extension/apple/ExecuTorch/__tests__/resources/add.pte, ../third_party/executorch/test/models/deprecated/ModuleLinear-no-constant-segment.pte; missing tokenizer package: artifacts.executorch.tokenizer_path for gemma_4_e2b is not configured; missing arm64-v8a ExecuTorch runtime libraries (libexecutorch.so, libexecutorch.a, libexecutorch_core.a, libportable_ops_lib.a) under tests/android/executorch/lib/arm64-v8a, tests/android/build_executorch/lib, third_party/executorch/android/arm64-v8a"
galaxy_s24_or_s25,executorch,gemma_4_e2b,prefill,512,0,,,,,unsupported,"ExecuTorch Android Gemma 4 E2B IT is unsupported: missing .pte artifact: artifacts.executorch.path is null; no required-model .pte found under weights, ../third_party/executorch; ignored unrelated .pte files: ../third_party/executorch/examples/qualcomm/oss_scripts/llama/artifacts/stories260k_hybrid_llama_qnn.pte, ../third_party/executorch/extension/apple/ExecuTorch/__tests__/resources/add.pte, ../third_party/executorch/test/models/deprecated/ModuleLinear-no-constant-segment.pte; missing tokenizer package: artifacts.executorch.tokenizer_path for gemma_4_e2b is not configured; missing arm64-v8a ExecuTorch runtime libraries (libexecutorch.so, libexecutorch.a, libexecutorch_core.a, libportable_ops_lib.a) under tests/android/executorch/lib/arm64-v8a, tests/android/build_executorch/lib, third_party/executorch/android/arm64-v8a"
galaxy_s24_or_s25,executorch,gemma_4_e2b,prefill,1024,0,,,,,unsupported,"ExecuTorch Android Gemma 4 E2B IT is unsupported: missing .pte artifact: artifacts.executorch.path is null; no required-model .pte found under weights, ../third_party/executorch; ignored unrelated .pte files: ../third_party/executorch/examples/qualcomm/oss_scripts/llama/artifacts/stories260k_hybrid_llama_qnn.pte, ../third_party/executorch/extension/apple/ExecuTorch/__tests__/resources/add.pte, ../third_party/executorch/test/models/deprecated/ModuleLinear-no-constant-segment.pte; missing tokenizer package: artifacts.executorch.tokenizer_path for gemma_4_e2b is not configured; missing arm64-v8a ExecuTorch runtime libraries (libexecutorch.so, libexecutorch.a, libexecutorch_core.a, libportable_ops_lib.a) under tests/android/executorch/lib/arm64-v8a, tests/android/build_executorch/lib, third_party/executorch/android/arm64-v8a"
galaxy_s24_or_s25,executorch,gemma_4_e2b,prefill,2048,0,,,,,unsupported,"ExecuTorch Android Gemma 4 E2B IT is unsupported: missing .pte artifact: artifacts.executorch.path is null; no required-model .pte found under weights, ../third_party/executorch; ignored unrelated .pte files: ../third_party/executorch/examples/qualcomm/oss_scripts/llama/artifacts/stories260k_hybrid_llama_qnn.pte, ../third_party/executorch/extension/apple/ExecuTorch/__tests__/resources/add.pte, ../third_party/executorch/test/models/deprecated/ModuleLinear-no-constant-segment.pte; missing tokenizer package: artifacts.executorch.tokenizer_path for gemma_4_e2b is not configured; missing arm64-v8a ExecuTorch runtime libraries (libexecutorch.so, libexecutorch.a, libexecutorch_core.a, libportable_ops_lib.a) under tests/android/executorch/lib/arm64-v8a, tests/android/build_executorch/lib, third_party/executorch/android/arm64-v8a"
galaxy_s24_or_s25,executorch,gemma_4_e2b,prefill,4096,0,,,,,unsupported,"ExecuTorch Android Gemma 4 E2B IT is unsupported: missing .pte artifact: artifacts.executorch.path is null; no required-model .pte found under weights, ../third_party/executorch; ignored unrelated .pte files: ../third_party/executorch/examples/qualcomm/oss_scripts/llama/artifacts/stories260k_hybrid_llama_qnn.pte, ../third_party/executorch/extension/apple/ExecuTorch/__tests__/resources/add.pte, ../third_party/executorch/test/models/deprecated/ModuleLinear-no-constant-segment.pte; missing tokenizer package: artifacts.executorch.tokenizer_path for gemma_4_e2b is not configured; missing arm64-v8a ExecuTorch runtime libraries (libexecutorch.so, libexecutorch.a, libexecutorch_core.a, libportable_ops_lib.a) under tests/android/executorch/lib/arm64-v8a, tests/android/build_executorch/lib, third_party/executorch/android/arm64-v8a"
galaxy_s24_or_s25,executorch,gemma_4_e2b,decode,256,100,,,,,unsupported,"ExecuTorch Android Gemma 4 E2B IT is unsupported: missing .pte artifact: artifacts.executorch.path is null; no required-model .pte found under weights, ../third_party/executorch; ignored unrelated .pte files: ../third_party/executorch/examples/qualcomm/oss_scripts/llama/artifacts/stories260k_hybrid_llama_qnn.pte, ../third_party/executorch/extension/apple/ExecuTorch/__tests__/resources/add.pte, ../third_party/executorch/test/models/deprecated/ModuleLinear-no-constant-segment.pte; missing tokenizer package: artifacts.executorch.tokenizer_path for gemma_4_e2b is not configured; missing arm64-v8a ExecuTorch runtime libraries (libexecutorch.so, libexecutorch.a, libexecutorch_core.a, libportable_ops_lib.a) under tests/android/executorch/lib/arm64-v8a, tests/android/build_executorch/lib, third_party/executorch/android/arm64-v8a"
galaxy_s24_or_s25,executorch,gemma_4_e2b,decode,512,100,,,,,unsupported,"ExecuTorch Android Gemma 4 E2B IT is unsupported: missing .pte artifact: artifacts.executorch.path is null; no required-model .pte found under weights, ../third_party/executorch; ignored unrelated .pte files: ../third_party/executorch/examples/qualcomm/oss_scripts/llama/artifacts/stories260k_hybrid_llama_qnn.pte, ../third_party/executorch/extension/apple/ExecuTorch/__tests__/resources/add.pte, ../third_party/executorch/test/models/deprecated/ModuleLinear-no-constant-segment.pte; missing tokenizer package: artifacts.executorch.tokenizer_path for gemma_4_e2b is not configured; missing arm64-v8a ExecuTorch runtime libraries (libexecutorch.so, libexecutorch.a, libexecutorch_core.a, libportable_ops_lib.a) under tests/android/executorch/lib/arm64-v8a, tests/android/build_executorch/lib, third_party/executorch/android/arm64-v8a"
galaxy_s24_or_s25,executorch,gemma_4_e2b,decode,1024,100,,,,,unsupported,"ExecuTorch Android Gemma 4 E2B IT is unsupported: missing .pte artifact: artifacts.executorch.path is null; no required-model .pte found under weights, ../third_party/executorch; ignored unrelated .pte files: ../third_party/executorch/examples/qualcomm/oss_scripts/llama/artifacts/stories260k_hybrid_llama_qnn.pte, ../third_party/executorch/extension/apple/ExecuTorch/__tests__/resources/add.pte, ../third_party/executorch/test/models/deprecated/ModuleLinear-no-constant-segment.pte; missing tokenizer package: artifacts.executorch.tokenizer_path for gemma_4_e2b is not configured; missing arm64-v8a ExecuTorch runtime libraries (libexecutorch.so, libexecutorch.a, libexecutorch_core.a, libportable_ops_lib.a) under tests/android/executorch/lib/arm64-v8a, tests/android/build_executorch/lib, third_party/executorch/android/arm64-v8a"
galaxy_s24_or_s25,executorch,gemma_4_e2b,decode,2048,100,,,,,unsupported,"ExecuTorch Android Gemma 4 E2B IT is unsupported: missing .pte artifact: artifacts.executorch.path is null; no required-model .pte found under weights, ../third_party/executorch; ignored unrelated .pte files: ../third_party/executorch/examples/qualcomm/oss_scripts/llama/artifacts/stories260k_hybrid_llama_qnn.pte, ../third_party/executorch/extension/apple/ExecuTorch/__tests__/resources/add.pte, ../third_party/executorch/test/models/deprecated/ModuleLinear-no-constant-segment.pte; missing tokenizer package: artifacts.executorch.tokenizer_path for gemma_4_e2b is not configured; missing arm64-v8a ExecuTorch runtime libraries (libexecutorch.so, libexecutorch.a, libexecutorch_core.a, libportable_ops_lib.a) under tests/android/executorch/lib/arm64-v8a, tests/android/build_executorch/lib, third_party/executorch/android/arm64-v8a"
galaxy_s24_or_s25,executorch,lfm_2_5_vl_1_6b,prefill,256,0,94.300200,1137.000,2427.657,2427.657,ok,"warmup_runs=1,measurement_runs=3; runner=executorch; threads=1; thread_count=1; core_affinity=cpu7; taskset_mask=80; format=Q4 8da4w XNNPACK; shared_context=256; shared_decode_tokens=100; paired_prefill_decode=true"
galaxy_s24_or_s25,executorch,lfm_2_5_vl_1_6b,prefill,512,0,137.059000,1137.000,2427.657,2427.657,ok,"warmup_runs=1,measurement_runs=3; runner=executorch; threads=1; thread_count=1; core_affinity=cpu7; taskset_mask=80; format=Q4 8da4w XNNPACK; shared_context=512; shared_decode_tokens=100; paired_prefill_decode=true"
galaxy_s24_or_s25,executorch,lfm_2_5_vl_1_6b,prefill,1024,0,149.938000,1137.000,2427.657,2427.657,ok,"warmup_runs=1,measurement_runs=3; runner=executorch; threads=1; thread_count=1; core_affinity=cpu7; taskset_mask=80; format=Q4 8da4w XNNPACK; shared_context=1024; shared_decode_tokens=100; paired_prefill_decode=true"
galaxy_s24_or_s25,executorch,lfm_2_5_vl_1_6b,prefill,2048,0,122.384000,1137.000,2427.657,2427.657,ok,"warmup_runs=1,measurement_runs=3; runner=executorch; threads=1; thread_count=1; core_affinity=cpu7; taskset_mask=80; format=Q4 8da4w XNNPACK; prefill_only=true; shared_context=2048; shared_decode_tokens=100"
galaxy_s24_or_s25,executorch,lfm_2_5_vl_1_6b,prefill,4096,0,,,2427.657,2427.657,unsupported,configured ExecuTorch .pte export supports at most 2048 input tokens for token_embedding; requested prefill seqlen=4096
galaxy_s24_or_s25,executorch,lfm_2_5_vl_1_6b,decode,256,100,3.173630,1137.000,2427.657,2427.657,ok,"warmup_runs=1,measurement_runs=3; runner=executorch; threads=1; thread_count=1; core_affinity=cpu7; taskset_mask=80; format=Q4 8da4w XNNPACK; shared_context=256; shared_decode_tokens=100; paired_prefill_decode=true; shares measured invocation with prefill row"
galaxy_s24_or_s25,executorch,lfm_2_5_vl_1_6b,decode,512,100,3.258580,1137.000,2427.657,2427.657,ok,"warmup_runs=1,measurement_runs=3; runner=executorch; threads=1; thread_count=1; core_affinity=cpu7; taskset_mask=80; format=Q4 8da4w XNNPACK; shared_context=512; shared_decode_tokens=100; paired_prefill_decode=true; shares measured invocation with prefill row"
galaxy_s24_or_s25,executorch,lfm_2_5_vl_1_6b,decode,1024,100,3.055200,1137.000,2427.657,2427.657,ok,"warmup_runs=1,measurement_runs=3; runner=executorch; threads=1; thread_count=1; core_affinity=cpu7; taskset_mask=80; format=Q4 8da4w XNNPACK; shared_context=1024; shared_decode_tokens=100; paired_prefill_decode=true; shares measured invocation with prefill row"
galaxy_s24_or_s25,executorch,lfm_2_5_vl_1_6b,decode,2048,100,,,2427.657,2427.657,unsupported,configured ExecuTorch .pte export has KV cache capacity 2048; cannot decode 100 tokens from context 2048 because required cache positions extend to 2147
galaxy_s24_or_s25,executorch,parakeet_tdt_v3,parakeet_transcribe,,,0.215333,1506.785,719.224,719.224,ok,WER=0.000000; runner=android_executorch_parakeet; format=Q4 8da4w XNNPACK; core_affinity=cpu7; taskset_mask=80; serial=RFGL42B1VLW; android=16; thermal_status=1; transcript=concord returned to its place amidst the tents the english forwarded to the french baskets of flowers of which they had made a plentiful provision to greet the arrival of the young princess the french in return invited the english to a supper which was to be given the next day congratulations were poured in upon the princess everywhere during her journey
galaxy_s24_or_s25,executorch,qwen3_vl_2b,prefill,256,0,,,,,unsupported,"ExecuTorch Android Qwen3 VL 2B is unsupported: missing .pte artifact: artifacts.executorch.path is null; no required-model .pte found under weights, ../third_party/executorch; ignored unrelated .pte files: ../third_party/executorch/examples/qualcomm/oss_scripts/llama/artifacts/stories260k_hybrid_llama_qnn.pte, ../third_party/executorch/extension/apple/ExecuTorch/__tests__/resources/add.pte, ../third_party/executorch/test/models/deprecated/ModuleLinear-no-constant-segment.pte; missing tokenizer package: artifacts.executorch.tokenizer_path for qwen3_vl_2b is not configured; missing arm64-v8a ExecuTorch runtime libraries (libexecutorch.so, libexecutorch.a, libexecutorch_core.a, libportable_ops_lib.a) under tests/android/executorch/lib/arm64-v8a, tests/android/build_executorch/lib, third_party/executorch/android/arm64-v8a"
galaxy_s24_or_s25,executorch,qwen3_vl_2b,prefill,512,0,,,,,unsupported,"ExecuTorch Android Qwen3 VL 2B is unsupported: missing .pte artifact: artifacts.executorch.path is null; no required-model .pte found under weights, ../third_party/executorch; ignored unrelated .pte files: ../third_party/executorch/examples/qualcomm/oss_scripts/llama/artifacts/stories260k_hybrid_llama_qnn.pte, ../third_party/executorch/extension/apple/ExecuTorch/__tests__/resources/add.pte, ../third_party/executorch/test/models/deprecated/ModuleLinear-no-constant-segment.pte; missing tokenizer package: artifacts.executorch.tokenizer_path for qwen3_vl_2b is not configured; missing arm64-v8a ExecuTorch runtime libraries (libexecutorch.so, libexecutorch.a, libexecutorch_core.a, libportable_ops_lib.a) under tests/android/executorch/lib/arm64-v8a, tests/android/build_executorch/lib, third_party/executorch/android/arm64-v8a"
galaxy_s24_or_s25,executorch,qwen3_vl_2b,prefill,1024,0,,,,,unsupported,"ExecuTorch Android Qwen3 VL 2B is unsupported: missing .pte artifact: artifacts.executorch.path is null; no required-model .pte found under weights, ../third_party/executorch; ignored unrelated .pte files: ../third_party/executorch/examples/qualcomm/oss_scripts/llama/artifacts/stories260k_hybrid_llama_qnn.pte, ../third_party/executorch/extension/apple/ExecuTorch/__tests__/resources/add.pte, ../third_party/executorch/test/models/deprecated/ModuleLinear-no-constant-segment.pte; missing tokenizer package: artifacts.executorch.tokenizer_path for qwen3_vl_2b is not configured; missing arm64-v8a ExecuTorch runtime libraries (libexecutorch.so, libexecutorch.a, libexecutorch_core.a, libportable_ops_lib.a) under tests/android/executorch/lib/arm64-v8a, tests/android/build_executorch/lib, third_party/executorch/android/arm64-v8a"
galaxy_s24_or_s25,executorch,qwen3_vl_2b,prefill,2048,0,,,,,unsupported,"ExecuTorch Android Qwen3 VL 2B is unsupported: missing .pte artifact: artifacts.executorch.path is null; no required-model .pte found under weights, ../third_party/executorch; ignored unrelated .pte files: ../third_party/executorch/examples/qualcomm/oss_scripts/llama/artifacts/stories260k_hybrid_llama_qnn.pte, ../third_party/executorch/extension/apple/ExecuTorch/__tests__/resources/add.pte, ../third_party/executorch/test/models/deprecated/ModuleLinear-no-constant-segment.pte; missing tokenizer package: artifacts.executorch.tokenizer_path for qwen3_vl_2b is not configured; missing arm64-v8a ExecuTorch runtime libraries (libexecutorch.so, libexecutorch.a, libexecutorch_core.a, libportable_ops_lib.a) under tests/android/executorch/lib/arm64-v8a, tests/android/build_executorch/lib, third_party/executorch/android/arm64-v8a"
galaxy_s24_or_s25,executorch,qwen3_vl_2b,prefill,4096,0,,,,,unsupported,"ExecuTorch Android Qwen3 VL 2B is unsupported: missing .pte artifact: artifacts.executorch.path is null; no required-model .pte found under weights, ../third_party/executorch; ignored unrelated .pte files: ../third_party/executorch/examples/qualcomm/oss_scripts/llama/artifacts/stories260k_hybrid_llama_qnn.pte, ../third_party/executorch/extension/apple/ExecuTorch/__tests__/resources/add.pte, ../third_party/executorch/test/models/deprecated/ModuleLinear-no-constant-segment.pte; missing tokenizer package: artifacts.executorch.tokenizer_path for qwen3_vl_2b is not configured; missing arm64-v8a ExecuTorch runtime libraries (libexecutorch.so, libexecutorch.a, libexecutorch_core.a, libportable_ops_lib.a) under tests/android/executorch/lib/arm64-v8a, tests/android/build_executorch/lib, third_party/executorch/android/arm64-v8a"
galaxy_s24_or_s25,executorch,qwen3_vl_2b,decode,256,100,,,,,unsupported,"ExecuTorch Android Qwen3 VL 2B is unsupported: missing .pte artifact: artifacts.executorch.path is null; no required-model .pte found under weights, ../third_party/executorch; ignored unrelated .pte files: ../third_party/executorch/examples/qualcomm/oss_scripts/llama/artifacts/stories260k_hybrid_llama_qnn.pte, ../third_party/executorch/extension/apple/ExecuTorch/__tests__/resources/add.pte, ../third_party/executorch/test/models/deprecated/ModuleLinear-no-constant-segment.pte; missing tokenizer package: artifacts.executorch.tokenizer_path for qwen3_vl_2b is not configured; missing arm64-v8a ExecuTorch runtime libraries (libexecutorch.so, libexecutorch.a, libexecutorch_core.a, libportable_ops_lib.a) under tests/android/executorch/lib/arm64-v8a, tests/android/build_executorch/lib, third_party/executorch/android/arm64-v8a"
galaxy_s24_or_s25,executorch,qwen3_vl_2b,decode,512,100,,,,,unsupported,"ExecuTorch Android Qwen3 VL 2B is unsupported: missing .pte artifact: artifacts.executorch.path is null; no required-model .pte found under weights, ../third_party/executorch; ignored unrelated .pte files: ../third_party/executorch/examples/qualcomm/oss_scripts/llama/artifacts/stories260k_hybrid_llama_qnn.pte, ../third_party/executorch/extension/apple/ExecuTorch/__tests__/resources/add.pte, ../third_party/executorch/test/models/deprecated/ModuleLinear-no-constant-segment.pte; missing tokenizer package: artifacts.executorch.tokenizer_path for qwen3_vl_2b is not configured; missing arm64-v8a ExecuTorch runtime libraries (libexecutorch.so, libexecutorch.a, libexecutorch_core.a, libportable_ops_lib.a) under tests/android/executorch/lib/arm64-v8a, tests/android/build_executorch/lib, third_party/executorch/android/arm64-v8a"
galaxy_s24_or_s25,executorch,qwen3_vl_2b,decode,1024,100,,,,,unsupported,"ExecuTorch Android Qwen3 VL 2B is unsupported: missing .pte artifact: artifacts.executorch.path is null; no required-model .pte found under weights, ../third_party/executorch; ignored unrelated .pte files: ../third_party/executorch/examples/qualcomm/oss_scripts/llama/artifacts/stories260k_hybrid_llama_qnn.pte, ../third_party/executorch/extension/apple/ExecuTorch/__tests__/resources/add.pte, ../third_party/executorch/test/models/deprecated/ModuleLinear-no-constant-segment.pte; missing tokenizer package: artifacts.executorch.tokenizer_path for qwen3_vl_2b is not configured; missing arm64-v8a ExecuTorch runtime libraries (libexecutorch.so, libexecutorch.a, libexecutorch_core.a, libportable_ops_lib.a) under tests/android/executorch/lib/arm64-v8a, tests/android/build_executorch/lib, third_party/executorch/android/arm64-v8a"
galaxy_s24_or_s25,executorch,qwen3_vl_2b,decode,2048,100,,,,,unsupported,"ExecuTorch Android Qwen3 VL 2B is unsupported: missing .pte artifact: artifacts.executorch.path is null; no required-model .pte found under weights, ../third_party/executorch; ignored unrelated .pte files: ../third_party/executorch/examples/qualcomm/oss_scripts/llama/artifacts/stories260k_hybrid_llama_qnn.pte, ../third_party/executorch/extension/apple/ExecuTorch/__tests__/resources/add.pte, ../third_party/executorch/test/models/deprecated/ModuleLinear-no-constant-segment.pte; missing tokenizer package: artifacts.executorch.tokenizer_path for qwen3_vl_2b is not configured; missing arm64-v8a ExecuTorch runtime libraries (libexecutorch.so, libexecutorch.a, libexecutorch_core.a, libportable_ops_lib.a) under tests/android/executorch/lib/arm64-v8a, tests/android/build_executorch/lib, third_party/executorch/android/arm64-v8a"
galaxy_s24_or_s25,litert_lm,gemma_4_e2b,prefill,256,0,33.570000,3502.820,2588.148,2588.148,ok,"warmup_runs=1,measurement_runs=3; runner=litert_lm; paired_prefill_decode=true; shared_context=256; shared_decode_tokens=100; threads=1; thread_count=1; quantization=int4_per_output_channel; core_affinity=cpu7; taskset_mask=80"
galaxy_s24_or_s25,litert_lm,gemma_4_e2b,prefill,512,0,69.420000,3497.600,2588.148,2588.148,ok,"warmup_runs=1,measurement_runs=3; runner=litert_lm; paired_prefill_decode=true; shared_context=512; shared_decode_tokens=100; threads=1; thread_count=1; quantization=int4_per_output_channel; core_affinity=cpu7; taskset_mask=80"
galaxy_s24_or_s25,litert_lm,gemma_4_e2b,prefill,1024,0,142.190000,3489.960,2588.148,2588.148,ok,"warmup_runs=1,measurement_runs=3; runner=litert_lm; paired_prefill_decode=true; shared_context=1024; shared_decode_tokens=100; threads=1; thread_count=1; quantization=int4_per_output_channel; core_affinity=cpu7; taskset_mask=80"
galaxy_s24_or_s25,litert_lm,gemma_4_e2b,prefill,2048,0,144.750000,3490.270,2588.148,2588.148,ok,"warmup_runs=1,measurement_runs=3; runner=litert_lm; paired_prefill_decode=true; shared_context=2048; shared_decode_tokens=100; threads=1; thread_count=1; quantization=int4_per_output_channel; core_affinity=cpu7; taskset_mask=80"
galaxy_s24_or_s25,litert_lm,gemma_4_e2b,prefill,4096,0,138.320000,3490.860,2588.148,2588.148,ok,"warmup_runs=1,measurement_runs=3; benchmark_mode=strict; runner=litert_lm; provider=cpu; gpu=disabled; threads=1; thread_count=1; quantization=int4_per_output_channel; core_affinity=cpu7; taskset_mask=80"
galaxy_s24_or_s25,litert_lm,gemma_4_e2b,decode,256,100,10.930000,3502.820,2588.148,2588.148,ok,"warmup_runs=1,measurement_runs=3; runner=litert_lm; paired_prefill_decode=true; shared_context=256; shares measured invocation with prefill row; threads=1; thread_count=1; quantization=int4_per_output_channel; core_affinity=cpu7; taskset_mask=80"
galaxy_s24_or_s25,litert_lm,gemma_4_e2b,decode,512,100,11.480000,3497.600,2588.148,2588.148,ok,"warmup_runs=1,measurement_runs=3; runner=litert_lm; paired_prefill_decode=true; shared_context=512; shares measured invocation with prefill row; threads=1; thread_count=1; quantization=int4_per_output_channel; core_affinity=cpu7; taskset_mask=80"
galaxy_s24_or_s25,litert_lm,gemma_4_e2b,decode,1024,100,11.750000,3489.960,2588.148,2588.148,ok,"warmup_runs=1,measurement_runs=3; runner=litert_lm; paired_prefill_decode=true; shared_context=1024; shares measured invocation with prefill row; threads=1; thread_count=1; quantization=int4_per_output_channel; core_affinity=cpu7; taskset_mask=80"
galaxy_s24_or_s25,litert_lm,gemma_4_e2b,decode,2048,100,11.530000,3490.270,2588.148,2588.148,ok,"warmup_runs=1,measurement_runs=3; runner=litert_lm; paired_prefill_decode=true; shared_context=2048; shares measured invocation with prefill row; threads=1; thread_count=1; quantization=int4_per_output_channel; core_affinity=cpu7; taskset_mask=80"
galaxy_s24_or_s25,litert_lm,lfm_2_5_vl_1_6b,prefill,256,0,,,,,unsupported,Android LiteRT-LM artifact does not exist: weights/litert_lm/LFM2.5-VL-1.6B-int4.litertlm
galaxy_s24_or_s25,litert_lm,lfm_2_5_vl_1_6b,prefill,512,0,,,,,unsupported,Android LiteRT-LM artifact does not exist: weights/litert_lm/LFM2.5-VL-1.6B-int4.litertlm
galaxy_s24_or_s25,litert_lm,lfm_2_5_vl_1_6b,prefill,1024,0,,,,,unsupported,Android LiteRT-LM artifact does not exist: weights/litert_lm/LFM2.5-VL-1.6B-int4.litertlm
galaxy_s24_or_s25,litert_lm,lfm_2_5_vl_1_6b,prefill,2048,0,,,,,unsupported,Android LiteRT-LM artifact does not exist: weights/litert_lm/LFM2.5-VL-1.6B-int4.litertlm
galaxy_s24_or_s25,litert_lm,lfm_2_5_vl_1_6b,prefill,4096,0,,,,,unsupported,Android LiteRT-LM artifact does not exist: weights/litert_lm/LFM2.5-VL-1.6B-int4.litertlm
galaxy_s24_or_s25,litert_lm,lfm_2_5_vl_1_6b,decode,256,100,,,,,unsupported,Android LiteRT-LM artifact does not exist: weights/litert_lm/LFM2.5-VL-1.6B-int4.litertlm
galaxy_s24_or_s25,litert_lm,lfm_2_5_vl_1_6b,decode,512,100,,,,,unsupported,Android LiteRT-LM artifact does not exist: weights/litert_lm/LFM2.5-VL-1.6B-int4.litertlm
galaxy_s24_or_s25,litert_lm,lfm_2_5_vl_1_6b,decode,1024,100,,,,,unsupported,Android LiteRT-LM artifact does not exist: weights/litert_lm/LFM2.5-VL-1.6B-int4.litertlm
galaxy_s24_or_s25,litert_lm,lfm_2_5_vl_1_6b,decode,2048,100,,,,,unsupported,Android LiteRT-LM artifact does not exist: weights/litert_lm/LFM2.5-VL-1.6B-int4.litertlm
galaxy_s24_or_s25,litert_lm,parakeet_tdt_v3,parakeet_transcribe,,,,,,,unsupported,"unsupported: normal LiteRT Parakeet ASR path is excluded from the LiteRT-LM comparison because it is not an exact Q4/int4 LiteRT-LM artifact and resets decoder state across fixed chunks, producing high WER; no acceptable accuracy-preserving LiteRT-LM Parakeet row is currently supported"
galaxy_s24_or_s25,litert_lm,qwen3_vl_2b,prefill,256,0,,,,,unsupported,Android LiteRT-LM artifact does not exist: weights/litert_lm/Qwen3VL-2B-Instruct-int4.litertlm
galaxy_s24_or_s25,litert_lm,qwen3_vl_2b,prefill,512,0,,,,,unsupported,Android LiteRT-LM artifact does not exist: weights/litert_lm/Qwen3VL-2B-Instruct-int4.litertlm
galaxy_s24_or_s25,litert_lm,qwen3_vl_2b,prefill,1024,0,,,,,unsupported,Android LiteRT-LM artifact does not exist: weights/litert_lm/Qwen3VL-2B-Instruct-int4.litertlm
galaxy_s24_or_s25,litert_lm,qwen3_vl_2b,prefill,2048,0,,,,,unsupported,Android LiteRT-LM artifact does not exist: weights/litert_lm/Qwen3VL-2B-Instruct-int4.litertlm
galaxy_s24_or_s25,litert_lm,qwen3_vl_2b,prefill,4096,0,,,,,unsupported,Android LiteRT-LM artifact does not exist: weights/litert_lm/Qwen3VL-2B-Instruct-int4.litertlm
galaxy_s24_or_s25,litert_lm,qwen3_vl_2b,decode,256,100,,,,,unsupported,Android LiteRT-LM artifact does not exist: weights/litert_lm/Qwen3VL-2B-Instruct-int4.litertlm
galaxy_s24_or_s25,litert_lm,qwen3_vl_2b,decode,512,100,,,,,unsupported,Android LiteRT-LM artifact does not exist: weights/litert_lm/Qwen3VL-2B-Instruct-int4.litertlm
galaxy_s24_or_s25,litert_lm,qwen3_vl_2b,decode,1024,100,,,,,unsupported,Android LiteRT-LM artifact does not exist: weights/litert_lm/Qwen3VL-2B-Instruct-int4.litertlm
galaxy_s24_or_s25,litert_lm,qwen3_vl_2b,decode,2048,100,,,,,unsupported,Android LiteRT-LM artifact does not exist: weights/litert_lm/Qwen3VL-2B-Instruct-int4.litertlm
galaxy_s24_or_s25,llama_cpp,gemma_4_e2b,prefill,256,0,7.636660,3118.732,3106.736,3106.736,ok,"warmup_runs=1,measurement_runs=3; runner=android_llama_cpp_bench; llama_cpp_version=llama-cli 9200 (3e12fbdea); threads=1; thread_count=1; core_affinity=cpu7; taskset_mask=80; mmap=on; n_gpu_layers=0; serial=RFGL42B1VLW; android=16; thermal_status=1; synthetic exact-length token ids; quantization=Q4_K_M; paired_prefill_decode=true; shared_context=256; shared_decode_tokens=100"
galaxy_s24_or_s25,llama_cpp,gemma_4_e2b,prefill,512,0,8.088930,3184.755,3106.736,3106.736,ok,"warmup_runs=1,measurement_runs=3; runner=android_llama_cpp_bench; llama_cpp_version=llama-cli 9200 (3e12fbdea); threads=1; thread_count=1; core_affinity=cpu7; taskset_mask=80; mmap=on; n_gpu_layers=0; serial=RFGL42B1VLW; android=16; thermal_status=1; synthetic exact-length token ids; quantization=Q4_K_M; paired_prefill_decode=true; shared_context=512; shared_decode_tokens=100"
galaxy_s24_or_s25,llama_cpp,gemma_4_e2b,prefill,1024,0,8.150660,3195.753,3106.736,3106.736,ok,"warmup_runs=1,measurement_runs=3; runner=android_llama_cpp_bench; llama_cpp_version=llama-cli 9200 (3e12fbdea); threads=1; thread_count=1; core_affinity=cpu7; taskset_mask=80; mmap=on; n_gpu_layers=0; serial=RFGL42B1VLW; android=16; thermal_status=1; synthetic exact-length token ids; quantization=Q4_K_M; paired_prefill_decode=true; shared_context=1024; shared_decode_tokens=100"
galaxy_s24_or_s25,llama_cpp,gemma_4_e2b,prefill,2048,0,8.062440,3218.219,3106.736,3106.736,ok,"warmup_runs=1,measurement_runs=3; runner=android_llama_cpp_bench; llama_cpp_version=llama-cli 9200 (3e12fbdea); threads=1; thread_count=1; core_affinity=cpu7; taskset_mask=80; mmap=on; n_gpu_layers=0; serial=RFGL42B1VLW; android=16; thermal_status=1; synthetic exact-length token ids; quantization=Q4_K_M; paired_prefill_decode=true; shared_context=2048; shared_decode_tokens=100"
galaxy_s24_or_s25,llama_cpp,gemma_4_e2b,prefill,4096,0,7.344820,3257.243,3106.736,3106.736,ok,"warmup_runs=1,measurement_runs=3; runner=android_llama_cpp_bench; benchmark_mode=strict; llama_cpp_version=llama-cli 9200 (3e12fbdea); threads=1; thread_count=1; core_affinity=cpu7; taskset_mask=80; mmap=on; n_gpu_layers=0; serial=RFGL42B1VLW; android=16; thermal_status=0; synthetic exact-length token ids; quantization=Q4_K_M"
galaxy_s24_or_s25,llama_cpp,gemma_4_e2b,decode,256,100,5.812560,3118.732,3106.736,3106.736,ok,"warmup_runs=1,measurement_runs=3; runner=android_llama_cpp_bench; llama_cpp_version=llama-cli 9200 (3e12fbdea); threads=1; thread_count=1; core_affinity=cpu7; taskset_mask=80; mmap=on; n_gpu_layers=0; serial=RFGL42B1VLW; android=16; thermal_status=1; synthetic exact-length token ids; quantization=Q4_K_M; paired_prefill_decode=true; shared_context=256; shares measured invocation with prefill row"
galaxy_s24_or_s25,llama_cpp,gemma_4_e2b,decode,512,100,5.944650,3184.755,3106.736,3106.736,ok,"warmup_runs=1,measurement_runs=3; runner=android_llama_cpp_bench; llama_cpp_version=llama-cli 9200 (3e12fbdea); threads=1; thread_count=1; core_affinity=cpu7; taskset_mask=80; mmap=on; n_gpu_layers=0; serial=RFGL42B1VLW; android=16; thermal_status=1; synthetic exact-length token ids; quantization=Q4_K_M; paired_prefill_decode=true; shared_context=512; shares measured invocation with prefill row"
galaxy_s24_or_s25,llama_cpp,gemma_4_e2b,decode,1024,100,5.935540,3195.753,3106.736,3106.736,ok,"warmup_runs=1,measurement_runs=3; runner=android_llama_cpp_bench; llama_cpp_version=llama-cli 9200 (3e12fbdea); threads=1; thread_count=1; core_affinity=cpu7; taskset_mask=80; mmap=on; n_gpu_layers=0; serial=RFGL42B1VLW; android=16; thermal_status=1; synthetic exact-length token ids; quantization=Q4_K_M; paired_prefill_decode=true; shared_context=1024; shares measured invocation with prefill row"
galaxy_s24_or_s25,llama_cpp,gemma_4_e2b,decode,2048,100,5.518090,3218.219,3106.736,3106.736,ok,"warmup_runs=1,measurement_runs=3; runner=android_llama_cpp_bench; llama_cpp_version=llama-cli 9200 (3e12fbdea); threads=1; thread_count=1; core_affinity=cpu7; taskset_mask=80; mmap=on; n_gpu_layers=0; serial=RFGL42B1VLW; android=16; thermal_status=1; synthetic exact-length token ids; quantization=Q4_K_M; paired_prefill_decode=true; shared_context=2048; shares measured invocation with prefill row"
galaxy_s24_or_s25,llama_cpp,lfm_2_5_vl_1_6b,prefill,256,0,16.236700,723.342,695.752,695.753,ok,"warmup_runs=1,measurement_runs=3; runner=android_llama_cpp_bench; llama_cpp_version=llama-cli 9200 (3e12fbdea); threads=1; thread_count=1; core_affinity=cpu7; taskset_mask=80; mmap=on; n_gpu_layers=0; serial=RFGL42B1VLW; android=16; thermal_status=1; synthetic exact-length token ids; quantization=Q4_0; paired_prefill_decode=true; shared_context=256; shared_decode_tokens=100"
galaxy_s24_or_s25,llama_cpp,lfm_2_5_vl_1_6b,prefill,512,0,17.256000,760.725,695.752,695.753,ok,"warmup_runs=1,measurement_runs=3; runner=android_llama_cpp_bench; llama_cpp_version=llama-cli 9200 (3e12fbdea); threads=1; thread_count=1; core_affinity=cpu7; taskset_mask=80; mmap=on; n_gpu_layers=0; serial=RFGL42B1VLW; android=16; thermal_status=1; synthetic exact-length token ids; quantization=Q4_0; paired_prefill_decode=true; shared_context=512; shared_decode_tokens=100"
galaxy_s24_or_s25,llama_cpp,lfm_2_5_vl_1_6b,prefill,1024,0,17.409700,766.848,695.752,695.753,ok,"warmup_runs=1,measurement_runs=3; runner=android_llama_cpp_bench; llama_cpp_version=llama-cli 9200 (3e12fbdea); threads=1; thread_count=1; core_affinity=cpu7; taskset_mask=80; mmap=on; n_gpu_layers=0; serial=RFGL42B1VLW; android=16; thermal_status=1; synthetic exact-length token ids; quantization=Q4_0; paired_prefill_decode=true; shared_context=1024; shared_decode_tokens=100"
galaxy_s24_or_s25,llama_cpp,lfm_2_5_vl_1_6b,prefill,2048,0,17.474600,781.181,695.752,695.753,ok,"warmup_runs=1,measurement_runs=3; runner=android_llama_cpp_bench; llama_cpp_version=llama-cli 9200 (3e12fbdea); threads=1; thread_count=1; core_affinity=cpu7; taskset_mask=80; mmap=on; n_gpu_layers=0; serial=RFGL42B1VLW; android=16; thermal_status=1; synthetic exact-length token ids; quantization=Q4_0; paired_prefill_decode=true; shared_context=2048; shared_decode_tokens=100"
galaxy_s24_or_s25,llama_cpp,lfm_2_5_vl_1_6b,prefill,4096,0,15.291500,807.133,695.752,695.753,ok,"warmup_runs=1,measurement_runs=3; runner=android_llama_cpp_bench; benchmark_mode=strict; llama_cpp_version=llama-cli 9200 (3e12fbdea); threads=1; thread_count=1; core_affinity=cpu7; taskset_mask=80; mmap=on; n_gpu_layers=0; serial=RFGL42B1VLW; android=16; thermal_status=0; synthetic exact-length token ids; quantization=Q4_0"
galaxy_s24_or_s25,llama_cpp,lfm_2_5_vl_1_6b,decode,256,100,13.149400,723.342,695.752,695.753,ok,"warmup_runs=1,measurement_runs=3; runner=android_llama_cpp_bench; llama_cpp_version=llama-cli 9200 (3e12fbdea); threads=1; thread_count=1; core_affinity=cpu7; taskset_mask=80; mmap=on; n_gpu_layers=0; serial=RFGL42B1VLW; android=16; thermal_status=1; synthetic exact-length token ids; quantization=Q4_0; paired_prefill_decode=true; shared_context=256; shares measured invocation with prefill row"
galaxy_s24_or_s25,llama_cpp,lfm_2_5_vl_1_6b,decode,512,100,13.279900,760.725,695.752,695.753,ok,"warmup_runs=1,measurement_runs=3; runner=android_llama_cpp_bench; llama_cpp_version=llama-cli 9200 (3e12fbdea); threads=1; thread_count=1; core_affinity=cpu7; taskset_mask=80; mmap=on; n_gpu_layers=0; serial=RFGL42B1VLW; android=16; thermal_status=1; synthetic exact-length token ids; quantization=Q4_0; paired_prefill_decode=true; shared_context=512; shares measured invocation with prefill row"
galaxy_s24_or_s25,llama_cpp,lfm_2_5_vl_1_6b,decode,1024,100,13.038800,766.848,695.752,695.753,ok,"warmup_runs=1,measurement_runs=3; runner=android_llama_cpp_bench; llama_cpp_version=llama-cli 9200 (3e12fbdea); threads=1; thread_count=1; core_affinity=cpu7; taskset_mask=80; mmap=on; n_gpu_layers=0; serial=RFGL42B1VLW; android=16; thermal_status=1; synthetic exact-length token ids; quantization=Q4_0; paired_prefill_decode=true; shared_context=1024; shares measured invocation with prefill row"
galaxy_s24_or_s25,llama_cpp,lfm_2_5_vl_1_6b,decode,2048,100,12.794700,781.181,695.752,695.753,ok,"warmup_runs=1,measurement_runs=3; runner=android_llama_cpp_bench; llama_cpp_version=llama-cli 9200 (3e12fbdea); threads=1; thread_count=1; core_affinity=cpu7; taskset_mask=80; mmap=on; n_gpu_layers=0; serial=RFGL42B1VLW; android=16; thermal_status=1; synthetic exact-length token ids; quantization=Q4_0; paired_prefill_decode=true; shared_context=2048; shares measured invocation with prefill row"
galaxy_s24_or_s25,llama_cpp,parakeet_tdt_v3,parakeet_transcribe,,,,,,,unsupported,llama.cpp does not have a configured Parakeet TDT runner or artifact
galaxy_s24_or_s25,llama_cpp,qwen3_vl_2b,prefill,256,0,12.016400,1191.867,1107.410,1107.410,ok,"warmup_runs=1,measurement_runs=3; runner=android_llama_cpp_bench; llama_cpp_version=llama-cli 9200 (3e12fbdea); threads=1; thread_count=1; core_affinity=cpu7; taskset_mask=80; mmap=on; n_gpu_layers=0; serial=RFGL42B1VLW; android=16; thermal_status=1; synthetic exact-length token ids; quantization=Q4_K_M; paired_prefill_decode=true; shared_context=256; shared_decode_tokens=100"
galaxy_s24_or_s25,llama_cpp,qwen3_vl_2b,prefill,512,0,12.504600,1253.624,1107.410,1107.410,ok,"warmup_runs=1,measurement_runs=3; runner=android_llama_cpp_bench; llama_cpp_version=llama-cli 9200 (3e12fbdea); threads=1; thread_count=1; core_affinity=cpu7; taskset_mask=80; mmap=on; n_gpu_layers=0; serial=RFGL42B1VLW; android=16; thermal_status=1; synthetic exact-length token ids; quantization=Q4_K_M; paired_prefill_decode=true; shared_context=512; shared_decode_tokens=100"
galaxy_s24_or_s25,llama_cpp,qwen3_vl_2b,prefill,1024,0,12.650800,1311.758,1107.410,1107.410,ok,"warmup_runs=1,measurement_runs=3; runner=android_llama_cpp_bench; llama_cpp_version=llama-cli 9200 (3e12fbdea); threads=1; thread_count=1; core_affinity=cpu7; taskset_mask=80; mmap=on; n_gpu_layers=0; serial=RFGL42B1VLW; android=16; thermal_status=1; synthetic exact-length token ids; quantization=Q4_K_M; paired_prefill_decode=true; shared_context=1024; shared_decode_tokens=100"
galaxy_s24_or_s25,llama_cpp,qwen3_vl_2b,prefill,2048,0,12.040200,1417.365,1107.410,1107.410,ok,"warmup_runs=1,measurement_runs=3; runner=android_llama_cpp_bench; llama_cpp_version=llama-cli 9200 (3e12fbdea); threads=1; thread_count=1; core_affinity=cpu7; taskset_mask=80; mmap=on; n_gpu_layers=0; serial=RFGL42B1VLW; android=16; thermal_status=1; synthetic exact-length token ids; quantization=Q4_K_M; paired_prefill_decode=true; shared_context=2048; shared_decode_tokens=100"
galaxy_s24_or_s25,llama_cpp,qwen3_vl_2b,prefill,4096,0,10.308000,1652.887,1107.410,1107.410,ok,"warmup_runs=1,measurement_runs=3; runner=android_llama_cpp_bench; benchmark_mode=strict; llama_cpp_version=llama-cli 9200 (3e12fbdea); threads=1; thread_count=1; core_affinity=cpu7; taskset_mask=80; mmap=on; n_gpu_layers=0; serial=RFGL42B1VLW; android=16; thermal_status=0; synthetic exact-length token ids; quantization=Q4_K_M"
galaxy_s24_or_s25,llama_cpp,qwen3_vl_2b,decode,256,100,8.270410,1191.867,1107.410,1107.410,ok,"warmup_runs=1,measurement_runs=3; runner=android_llama_cpp_bench; llama_cpp_version=llama-cli 9200 (3e12fbdea); threads=1; thread_count=1; core_affinity=cpu7; taskset_mask=80; mmap=on; n_gpu_layers=0; serial=RFGL42B1VLW; android=16; thermal_status=1; synthetic exact-length token ids; quantization=Q4_K_M; paired_prefill_decode=true; shared_context=256; shares measured invocation with prefill row"
galaxy_s24_or_s25,llama_cpp,qwen3_vl_2b,decode,512,100,8.192990,1253.624,1107.410,1107.410,ok,"warmup_runs=1,measurement_runs=3; runner=android_llama_cpp_bench; llama_cpp_version=llama-cli 9200 (3e12fbdea); threads=1; thread_count=1; core_affinity=cpu7; taskset_mask=80; mmap=on; n_gpu_layers=0; serial=RFGL42B1VLW; android=16; thermal_status=1; synthetic exact-length token ids; quantization=Q4_K_M; paired_prefill_decode=true; shared_context=512; shares measured invocation with prefill row"
galaxy_s24_or_s25,llama_cpp,qwen3_vl_2b,decode,1024,100,7.561010,1311.758,1107.410,1107.410,ok,"warmup_runs=1,measurement_runs=3; runner=android_llama_cpp_bench; llama_cpp_version=llama-cli 9200 (3e12fbdea); threads=1; thread_count=1; core_affinity=cpu7; taskset_mask=80; mmap=on; n_gpu_layers=0; serial=RFGL42B1VLW; android=16; thermal_status=1; synthetic exact-length token ids; quantization=Q4_K_M; paired_prefill_decode=true; shared_context=1024; shares measured invocation with prefill row"
galaxy_s24_or_s25,llama_cpp,qwen3_vl_2b,decode,2048,100,5.878280,1417.365,1107.410,1107.410,ok,"warmup_runs=1,measurement_runs=3; runner=android_llama_cpp_bench; llama_cpp_version=llama-cli 9200 (3e12fbdea); threads=1; thread_count=1; core_affinity=cpu7; taskset_mask=80; mmap=on; n_gpu_layers=0; serial=RFGL42B1VLW; android=16; thermal_status=1; synthetic exact-length token ids; quantization=Q4_K_M; paired_prefill_decode=true; shared_context=2048; shares measured invocation with prefill row"
galaxy_s24_or_s25,onnxruntime,gemma_4_e2b,prefill,256,0,18.213300,1617.000,3627.412,3627.412,ok,"warmup_runs=1,measurement_runs=3; runner=onnxruntime_llm_bench; provider=CPUExecutionProvider; threads=1; thread_count=1; core_affinity=cpu7; taskset_mask=80; format=INT4/Q4; synthetic exact-length token ids; paired_prefill_decode=true; shared_context=256; shared_decode_tokens=100"
galaxy_s24_or_s25,onnxruntime,gemma_4_e2b,prefill,512,0,17.986700,1782.000,3627.412,3627.412,ok,"warmup_runs=1,measurement_runs=3; runner=onnxruntime_llm_bench; provider=CPUExecutionProvider; threads=1; thread_count=1; core_affinity=cpu7; taskset_mask=80; format=INT4/Q4; synthetic exact-length token ids; paired_prefill_decode=true; shared_context=512; shared_decode_tokens=100"
galaxy_s24_or_s25,onnxruntime,gemma_4_e2b,prefill,1024,0,17.626400,2182.000,3627.412,3627.412,ok,"warmup_runs=1,measurement_runs=3; runner=onnxruntime_llm_bench; provider=CPUExecutionProvider; threads=1; thread_count=1; core_affinity=cpu7; taskset_mask=80; format=INT4/Q4; synthetic exact-length token ids; paired_prefill_decode=true; shared_context=1024; shared_decode_tokens=100"
galaxy_s24_or_s25,onnxruntime,gemma_4_e2b,prefill,2048,0,16.546700,3291.000,3627.412,3627.412,ok,"warmup_runs=1,measurement_runs=3; runner=onnxruntime_llm_bench; provider=CPUExecutionProvider; threads=1; thread_count=1; core_affinity=cpu7; taskset_mask=80; format=INT4/Q4; synthetic exact-length token ids; paired_prefill_decode=true; shared_context=2048; shared_decode_tokens=100"
galaxy_s24_or_s25,onnxruntime,gemma_4_e2b,prefill,4096,0,14.316300,6346.000,3627.412,3627.412,ok,"warmup_runs=1,measurement_runs=3; benchmark_mode=strict; runner=onnxruntime_llm_bench; provider=CPUExecutionProvider; gpu=disabled; threads=1; thread_count=1; core_affinity=cpu7; taskset_mask=80; format=INT4/Q4; synthetic exact-length token ids"
galaxy_s24_or_s25,onnxruntime,gemma_4_e2b,decode,256,100,1.663560,1617.000,3627.412,3627.412,ok,"warmup_runs=1,measurement_runs=3; runner=onnxruntime_llm_bench; provider=CPUExecutionProvider; threads=1; thread_count=1; core_affinity=cpu7; taskset_mask=80; format=INT4/Q4; synthetic exact-length token ids; paired_prefill_decode=true; shared_context=256; shared_decode_tokens=100; shares measured invocation with prefill row"
galaxy_s24_or_s25,onnxruntime,gemma_4_e2b,decode,512,100,1.631470,1782.000,3627.412,3627.412,ok,"warmup_runs=1,measurement_runs=3; runner=onnxruntime_llm_bench; provider=CPUExecutionProvider; threads=1; thread_count=1; core_affinity=cpu7; taskset_mask=80; format=INT4/Q4; synthetic exact-length token ids; paired_prefill_decode=true; shared_context=512; shared_decode_tokens=100; shares measured invocation with prefill row"
galaxy_s24_or_s25,onnxruntime,gemma_4_e2b,decode,1024,100,1.591130,2182.000,3627.412,3627.412,ok,"warmup_runs=1,measurement_runs=3; runner=onnxruntime_llm_bench; provider=CPUExecutionProvider; threads=1; thread_count=1; core_affinity=cpu7; taskset_mask=80; format=INT4/Q4; synthetic exact-length token ids; paired_prefill_decode=true; shared_context=1024; shared_decode_tokens=100; shares measured invocation with prefill row"
galaxy_s24_or_s25,onnxruntime,gemma_4_e2b,decode,2048,100,1.471690,3291.000,3627.412,3627.412,ok,"warmup_runs=1,measurement_runs=3; runner=onnxruntime_llm_bench; provider=CPUExecutionProvider; threads=1; thread_count=1; core_affinity=cpu7; taskset_mask=80; format=INT4/Q4; synthetic exact-length token ids; paired_prefill_decode=true; shared_context=2048; shared_decode_tokens=100; shares measured invocation with prefill row"
galaxy_s24_or_s25,onnxruntime,lfm_2_5_vl_1_6b,prefill,256,0,92.588500,2161.000,1754.691,1754.691,ok,"warmup_runs=1,measurement_runs=3; runner=onnxruntime_llm_bench; provider=CPUExecutionProvider; threads=1; thread_count=1; core_affinity=cpu7; taskset_mask=80; format=INT4/Q4; synthetic exact-length token ids; paired_prefill_decode=true; shared_context=256; shared_decode_tokens=100"
galaxy_s24_or_s25,onnxruntime,lfm_2_5_vl_1_6b,prefill,512,0,93.125200,2161.000,1754.691,1754.691,ok,"warmup_runs=1,measurement_runs=3; runner=onnxruntime_llm_bench; provider=CPUExecutionProvider; threads=1; thread_count=1; core_affinity=cpu7; taskset_mask=80; format=INT4/Q4; synthetic exact-length token ids; paired_prefill_decode=true; shared_context=512; shared_decode_tokens=100"
galaxy_s24_or_s25,onnxruntime,lfm_2_5_vl_1_6b,prefill,1024,0,89.599600,2402.000,1754.691,1754.691,ok,"warmup_runs=1,measurement_runs=3; runner=onnxruntime_llm_bench; provider=CPUExecutionProvider; threads=1; thread_count=1; core_affinity=cpu7; taskset_mask=80; format=INT4/Q4; synthetic exact-length token ids; paired_prefill_decode=true; shared_context=1024; shared_decode_tokens=100"
galaxy_s24_or_s25,onnxruntime,lfm_2_5_vl_1_6b,prefill,2048,0,89.010700,3277.000,1754.691,1754.691,ok,"warmup_runs=1,measurement_runs=3; runner=onnxruntime_llm_bench; provider=CPUExecutionProvider; threads=1; thread_count=1; core_affinity=cpu7; taskset_mask=80; format=INT4/Q4; synthetic exact-length token ids; paired_prefill_decode=true; shared_context=2048; shared_decode_tokens=100"
galaxy_s24_or_s25,onnxruntime,lfm_2_5_vl_1_6b,prefill,4096,0,76.975400,7010.000,1754.691,1754.691,ok,"warmup_runs=1,measurement_runs=3; benchmark_mode=strict; runner=onnxruntime_llm_bench; provider=CPUExecutionProvider; gpu=disabled; threads=1; thread_count=1; core_affinity=cpu7; taskset_mask=80; format=INT4/Q4; synthetic exact-length token ids"
galaxy_s24_or_s25,onnxruntime,lfm_2_5_vl_1_6b,decode,256,100,22.606100,2161.000,1754.691,1754.691,ok,"warmup_runs=1,measurement_runs=3; runner=onnxruntime_llm_bench; provider=CPUExecutionProvider; threads=1; thread_count=1; core_affinity=cpu7; taskset_mask=80; format=INT4/Q4; synthetic exact-length token ids; paired_prefill_decode=true; shared_context=256; shared_decode_tokens=100; shares measured invocation with prefill row"
galaxy_s24_or_s25,onnxruntime,lfm_2_5_vl_1_6b,decode,512,100,21.820600,2161.000,1754.691,1754.691,ok,"warmup_runs=1,measurement_runs=3; runner=onnxruntime_llm_bench; provider=CPUExecutionProvider; threads=1; thread_count=1; core_affinity=cpu7; taskset_mask=80; format=INT4/Q4; synthetic exact-length token ids; paired_prefill_decode=true; shared_context=512; shared_decode_tokens=100; shares measured invocation with prefill row"
galaxy_s24_or_s25,onnxruntime,lfm_2_5_vl_1_6b,decode,1024,100,20.428700,2402.000,1754.691,1754.691,ok,"warmup_runs=1,measurement_runs=3; runner=onnxruntime_llm_bench; provider=CPUExecutionProvider; threads=1; thread_count=1; core_affinity=cpu7; taskset_mask=80; format=INT4/Q4; synthetic exact-length token ids; paired_prefill_decode=true; shared_context=1024; shared_decode_tokens=100; shares measured invocation with prefill row"
galaxy_s24_or_s25,onnxruntime,lfm_2_5_vl_1_6b,decode,2048,100,17.192900,3277.000,1754.691,1754.691,ok,"warmup_runs=1,measurement_runs=3; runner=onnxruntime_llm_bench; provider=CPUExecutionProvider; threads=1; thread_count=1; core_affinity=cpu7; taskset_mask=80; format=INT4/Q4; synthetic exact-length token ids; paired_prefill_decode=true; shared_context=2048; shared_decode_tokens=100; shares measured invocation with prefill row"
galaxy_s24_or_s25,onnxruntime,parakeet_tdt_v3,parakeet_transcribe,,,,,,,unsupported,ONNX Runtime Parakeet TDT Android artifact and ASR runner are not configured
galaxy_s24_or_s25,onnxruntime,qwen3_vl_2b,prefill,256,0,57.884400,1303.000,1440.083,1440.085,ok,"warmup_runs=1,measurement_runs=3; runner=onnxruntime_llm_bench; provider=CPUExecutionProvider; threads=1; thread_count=1; core_affinity=cpu7; taskset_mask=80; format=INT4/Q4 block=32; synthetic exact-length token ids; paired_prefill_decode=true; shared_context=256; shared_decode_tokens=100"
galaxy_s24_or_s25,onnxruntime,qwen3_vl_2b,prefill,512,0,58.630400,1596.000,1440.083,1440.085,ok,"warmup_runs=1,measurement_runs=3; runner=onnxruntime_llm_bench; provider=CPUExecutionProvider; threads=1; thread_count=1; core_affinity=cpu7; taskset_mask=80; format=INT4/Q4 block=32; synthetic exact-length token ids; paired_prefill_decode=true; shared_context=512; shared_decode_tokens=100"
galaxy_s24_or_s25,onnxruntime,qwen3_vl_2b,prefill,1024,0,57.203700,2181.000,1440.083,1440.085,ok,"warmup_runs=1,measurement_runs=3; runner=onnxruntime_llm_bench; provider=CPUExecutionProvider; threads=1; thread_count=1; core_affinity=cpu7; taskset_mask=80; format=INT4/Q4 block=32; synthetic exact-length token ids; paired_prefill_decode=true; shared_context=1024; shared_decode_tokens=100"
galaxy_s24_or_s25,onnxruntime,qwen3_vl_2b,prefill,2048,0,54.185400,3654.000,1440.083,1440.085,ok,"warmup_runs=1,measurement_runs=3; runner=onnxruntime_llm_bench; provider=CPUExecutionProvider; threads=1; thread_count=1; core_affinity=cpu7; taskset_mask=80; format=INT4/Q4 block=32; synthetic exact-length token ids; paired_prefill_decode=true; shared_context=2048; shared_decode_tokens=100"
galaxy_s24_or_s25,onnxruntime,qwen3_vl_2b,prefill,4096,0,49.628100,7326.000,1440.083,1440.085,ok,"warmup_runs=1,measurement_runs=3; benchmark_mode=strict; runner=onnxruntime_llm_bench; provider=CPUExecutionProvider; gpu=disabled; threads=1; thread_count=1; core_affinity=cpu7; taskset_mask=80; format=INT4/Q4 block=32; synthetic exact-length token ids"
galaxy_s24_or_s25,onnxruntime,qwen3_vl_2b,decode,256,100,15.374200,1303.000,1440.083,1440.085,ok,"warmup_runs=1,measurement_runs=3; runner=onnxruntime_llm_bench; provider=CPUExecutionProvider; threads=1; thread_count=1; core_affinity=cpu7; taskset_mask=80; format=INT4/Q4 block=32; synthetic exact-length token ids; paired_prefill_decode=true; shared_context=256; shared_decode_tokens=100; shares measured invocation with prefill row"
galaxy_s24_or_s25,onnxruntime,qwen3_vl_2b,decode,512,100,13.419100,1596.000,1440.083,1440.085,ok,"warmup_runs=1,measurement_runs=3; runner=onnxruntime_llm_bench; provider=CPUExecutionProvider; threads=1; thread_count=1; core_affinity=cpu7; taskset_mask=80; format=INT4/Q4 block=32; synthetic exact-length token ids; paired_prefill_decode=true; shared_context=512; shared_decode_tokens=100; shares measured invocation with prefill row"
galaxy_s24_or_s25,onnxruntime,qwen3_vl_2b,decode,1024,100,9.827840,2181.000,1440.083,1440.085,ok,"warmup_runs=1,measurement_runs=3; runner=onnxruntime_llm_bench; provider=CPUExecutionProvider; threads=1; thread_count=1; core_affinity=cpu7; taskset_mask=80; format=INT4/Q4 block=32; synthetic exact-length token ids; paired_prefill_decode=true; shared_context=1024; shared_decode_tokens=100; shares measured invocation with prefill row"
galaxy_s24_or_s25,onnxruntime,qwen3_vl_2b,decode,2048,100,6.592570,3654.000,1440.083,1440.085,ok,"warmup_runs=1,measurement_runs=3; runner=onnxruntime_llm_bench; provider=CPUExecutionProvider; threads=1; thread_count=1; core_affinity=cpu7; taskset_mask=80; format=INT4/Q4 block=32; synthetic exact-length token ids; paired_prefill_decode=true; shared_context=2048; shared_decode_tokens=100; shares measured invocation with prefill row"
